permno,concept_name
000002,租售同权
000004,网络游戏
000009,土地流转
000011,租售同权
000012,建筑节能
000025,黄金概念
000027,超超临界发电
000030,换电概念
000032,国资云概念
000035,生物质能发电
000048,猪肉概念
000049,无线充电
000055,土地流转
000056,租售同权
000061,食品安全
000065,超超临界发电
000066,量子科技
000070,国资云概念
000090,租售同权
000099,航母概念
000151,中俄贸易概念
000158,国资云概念
000159,特高压
000301,环氧丙烷
000333,净水概念
000400,抽水蓄能
000401,京津冀
000402,碳交易
000404,汽车热管理
000407,天然气
000411,医美概念
000421,换电概念
000423,超级品牌
000504,免疫治疗
000506,黄金概念
000509,工业母机
000513,重组蛋白
000516,毛发医疗
000517,建筑节能
000518,人造肉
000519,培育钻石
000521,净水概念
000523,代糖概念
000525,草甘膦
000526,职业教育
000531,超超临界发电
000533,抽水蓄能
000538,超级品牌
000539,超超临界发电
000543,抽水蓄能
000544,海南自贸
000545,钛白粉概念
000547,毫米波概念
000552,煤化工概念
000553,草甘膦
000560,租售同权
000563,参股保险
000564,供销社概念
000565,石墨烯
000567,钒电池
000568,超级品牌
000573,创投
000582,统一大市场
000590,流感
000593,青蒿素
000595,绿色电力
000598,举牌
000599,石墨烯
000600,京津冀
000601,生物质能发电
000603,黄金概念
000607,托育服务
000615,毛发医疗
000626,生态农业
000629,钛白粉概念
000630,黄金概念
000631,绿色电力
000651,净水概念
000655,钒电池
000657,可控核聚变
000663,土地流转
000669,天然气
000670,虚拟现实
000676,拼多多概念
000681,数字水印
000682,虚拟电厂
000688,钛白粉概念
000690,超超临界发电
000700,小米汽车
000702,猪肉概念
000705,幽门螺杆菌概念
000707,钠离子电池
000708,地下管网
000710,基因测序
000711,土壤修复
000713,草甘膦
000716,农业种植
000717,氢能源
000718,医美概念
000722,供销社概念
000729,啤酒概念
000731,民爆概念
000735,猪肉概念
000736,土地流转
000737,黄金概念
000738,航母概念
000739,减肥药
000750,券商概念
000752,啤酒概念
000755,绿色电力
000767,超超临界发电
000768,航母概念
000776,券商概念
000777,核污染防治
000778,地下管网
000779,土壤修复
000791,绿色电力
000793,旅游概念
000797,土地流转
000801,F5G概念
000812,职业教育
000813,工业大麻
000815,国资云概念
000818,环氧丙烷
000822,钒电池
000826,汽车拆解
000830,有机硅概念
000831,中字头
000833,磷化工
000850,土地流转
000852,页岩气
000856,京津冀
000858,超级品牌
000860,猪肉概念
000862,绿色电力
000863,租售同权
000869,超级品牌
000877,中特估
000881,核污染防治
000883,抽水蓄能
000885,生物质能发电
000889,数字货币
000893,供销社概念
000895,人造肉
000898,中特估
000899,超超临界发电
000902,生态农业
000906,ERP概念
000908,医美概念
000911,土地流转
000919,医美概念
000920,净水概念
000923,京津冀
000925,数字水印
000927,统一大市场
000929,啤酒概念
000930,生态农业
000931,京津冀
000932,页岩气
000933,钠离子电池
000935,减肥药
000936,知识产权
000948,电子身份证
000950,啤酒概念
000955,海南自贸
000958,京津冀
000962,超导概念
000963,减肥药
000966,抽水蓄能
000967,垃圾分类
000968,煤化工概念
000975,黄金概念
000977,国资云概念
000981,减速器
000989,毛发医疗
000990,人造肉
000993,啤酒概念
000997,电子身份证
000998,转基因
001201,猪肉概念
001202,统一大市场
001206,宠物经济
001210,量子科技
001213,统一大市场
001216,特高压
001219,乳业
001220,京津冀
001223,举牌
001228,统一大市场
001230,垃圾分类
001233,次新股
001237,次新股
001255,BC电池
001258,绿色电力
001260,小米汽车
001266,新型工业化
001267,CPO概念
001282,减速器
001283,动力电池回收
001285,次新股
001286,超超临界发电
001296,页岩气
001299,天然气
001312,次新股
001318,乳业
001319,中俄贸易概念
001322,智能家居
001325,次新股
001328,超级品牌
001337,黄金概念
001338,啤酒概念
001358,净水概念
001359,PCB
001360,黄金概念
001365,次新股
001366,猪肉概念
001379,建筑节能
001380,新型工业化
001382,特高压
001387,PCB
001388,电子身份证
001393,次新股
001396,地下管网
001896,抽水蓄能
001965,中特估
001979,租售同权
002001,青蒿素
002004,草甘膦
002006,碳纤维
002009,汽车拆解
002012,氟化工概念
002014,供销社概念
002015,抽水蓄能
002017,数字货币
002024,超级品牌
002026,换电概念
002027,电子竞技
002030,基因测序
002031,工业母机
002034,生物质能发电
002035,净水概念
002037,民爆概念
002041,转基因
002044,基因测序
002046,培育钻石
002048,PEEK材料概念
002053,页岩气
002054,有机硅概念
002055,EDR概念
002058,特斯拉概念
002060,抽水蓄能
002061,生态农业
002066,证金持股
002076,LED概念
002077,汽车芯片
002078,代糖概念
002079,BC电池
002080,中字头
002090,虚拟电厂
002091,有机硅概念
002092,石墨烯
002093,职业教育
002095,数据要素
002096,民爆概念
002099,减肥药
002100,转基因
002103,拼多多概念
002104,电子身份证
002109,煤化工概念
002112,智能电网
002114,磷化工
002116,啤酒概念
002121,无线充电
002122,拼多多概念
002124,猪肉概念
002125,钠离子电池
002130,超导概念
002132,有机硅概念
002133,农业种植
002136,钛白粉概念
002144,碳纤维
002145,钛白粉概念
002148,网络游戏
002150,数字经济
002151,航母概念
002152,国资云概念
002153,食品安全
002155,黄金概念
002156,华为海思
002157,猪肉概念
002160,生物疫苗
002162,职业教育
002163,零售概念
002165,环氧丙烷
002166,代糖概念
002167,航母概念
002168,智能电网
002169,钒电池
002170,转基因
002171,培育钻石
002172,毛发医疗
002173,华为昇腾
002174,电子竞技
002179,换电概念
002180,汽车芯片
002184,虚拟电厂
002185,华为海思
002190,华为汽车
002194,毫米波概念
002196,特斯拉概念
002197,数字水印
002200,农业种植
002201,新能源
002202,抽水蓄能
002205,地下管网
002206,PEEK材料概念
002215,草甘膦
002216,超级品牌
002218,钙钛矿电池
002221,页岩气
002223,幽门螺杆菌概念
002224,工业大麻
002225,小金属概念
002226,民爆概念
002227,钒电池
002228,数字水印
002229,数字水印
002237,磷化工
002239,汽车热管理
002240,小金属概念
002242,净水概念
002244,租售同权
002248,工业母机
002252,免疫治疗
002256,数字货币
002261,华为昇腾
002263,石墨烯
002264,拼多多概念
002265,减速器
002266,抽水蓄能
002267,天然气
002270,工业母机
002272,超超临界发电
002274,煤化工概念
002281,F5G概念
002282,京津冀
002285,租售同权
002286,代糖概念
002294,减肥药
002295,虚拟电厂
002298,时空大数据
002302,3D打印
002303,人造肉
002304,超级品牌
002305,租售同权
002306,BC电池
002312,磷化工
002313,智能家居
002315,ERP概念
002318,页岩气
002322,数字孪生
002323,绿色电力
002324,核污染防治
002326,氟化工概念
002328,特斯拉概念
002329,乳业
002331,ETC
002332,毛发医疗
002339,地下管网
002342,白酒
002345,培育钻石
002347,动力电池回收
002350,虚拟电厂
002351,电子竞技
002353,页岩气
002355,EDR概念
002356,海南自贸
002357,EDR概念
002358,智慧灯杆
002360,民爆概念
002363,华为汽车
002364,换电概念
002365,石墨烯
002366,海工装备
002367,独角兽
002368,国资云概念
002370,工业大麻
002374,白酒
002375,3D打印
002380,超超临界发电
002383,时空大数据
002386,钛白粉概念
002388,氟化工概念
002394,数字经济
002398,ERP概念
002401,ETC
002402,华为海思
002403,换电概念
002406,中俄贸易概念
002408,环氧丙烷
002412,幽门螺杆菌概念
002416,电子烟
002418,石墨烯
002419,白酒
002420,汽车热管理
002421,建筑节能
002422,幽门螺杆菌概念
002427,海工装备
002431,土地流转
002438,超超临界发电
002441,ERP概念
002446,毫米波概念
002448,无人机
002452,特高压
002454,汽车热管理
002455,动力电池回收
002459,特高压
002461,啤酒概念
002462,冷链物流
002465,航母概念
002466,动力电池回收
002469,煤化工概念
002470,生态农业
002471,石墨烯
002474,核污染防治
002476,天然气
002478,页岩气
002479,生物质能发电
002481,人造肉
002490,页岩气
002497,民爆概念
002500,券商概念
002506,钒电池
002507,超级品牌
002513,生态农业
002515,人造肉
002517,电子竞技
002524,医美概念
002528,智慧灯杆
002529,碳纤维
002532,钠离子电池
002533,超导概念
002538,生态农业
002540,3D打印
002543,净水概念
002545,特高压
002546,虚拟电厂
002548,猪肉概念
002552,黄金概念
002553,减速器
002556,供销社概念
002557,乳业
002558,电子竞技
002560,特高压
002565,土壤修复
002566,毛发医疗
002570,乳业
002571,拼多多概念
002573,土壤修复
002574,租售同权
002575,白酒
002577,电子竞技
002579,先进封装
002580,钠离子电池
002581,生物疫苗
002582,人造肉
002583,量子科技
002584,核污染防治
002588,生态农业
002589,统一大市场
002595,工业母机
002598,智慧灯杆
002601,钛白粉概念
002602,电子竞技
002606,虚拟电厂
002607,超级品牌
002612,毛发医疗
002616,生物质能发电
002622,智能电网
002623,钙钛矿电池
002624,电子竞技
002625,PEEK材料概念
002630,超超临界发电
002636,PCB
002638,智慧灯杆
002640,拼多多概念
002641,地下管网
002642,基因测序
002643,供销社概念
002644,肝炎概念
002645,汽车拆解
002648,环氧丙烷
002658,碳交易
002660,智慧灯杆
002661,猪肉概念
002662,特斯拉概念
002664,无人机
002667,垃圾分类
002670,券商概念
002671,地下管网
002672,汽车拆解
002673,券商概念
002674,华为汽车
002676,智能家居
002679,土地流转
002681,无线充电
002682,ETC
002687,创投
002690,食品安全
002691,3D打印
002693,海南自贸
002695,拼多多概念
002698,人形机器人
002700,参股保险
002701,啤酒概念
002703,小米汽车
002705,宠物经济
002706,智能家居
002708,减速器
002709,有机硅概念
002714,猪肉概念
002715,黄金概念
002716,黄金概念
002717,数字水印
002718,拼多多概念
002719,乳业
002721,黄金概念
002722,中俄贸易概念
002724,智慧灯杆
002725,中俄贸易概念
002726,猪肉概念
002727,生物疫苗
002730,鸿蒙概念
002731,黄金概念
002732,乳业
002733,动力电池回收
002735,无线充电
002737,肝炎概念
002738,氟化工概念
002742,减肥药
002747,工业母机
002753,石墨烯
002758,供销社概念
002759,氟化工概念
002761,建筑节能
002762,毛发医疗
002765,减速器
002769,独角兽
002771,在线教育
002772,农业种植
002778,净水概念
002783,民爆概念
002786,虚拟现实
002788,冷链物流
002791,垃圾分类
002792,F5G概念
002795,BC电池
002797,券商概念
002798,智能家居
002799,生物疫苗
002801,冷链物流
002806,百度概念
002808,3D打印
002809,环氧丙烷
002810,人造肉
002816,先进封装
002819,华为海思
002820,超级品牌
002821,青蒿素
002823,汽车热管理
002824,小米概念
002825,举牌
002827,民爆概念
002829,海工装备
002833,减速器
002835,数据安全
002849,天然气
002850,PEEK材料概念
002855,无线耳机
002857,虚拟电厂
002859,超导概念
002860,ETC
002861,无线充电
002865,BC电池
002866,钠离子电池
002867,黄金概念
002870,华为汽车
002872,幽门螺杆菌概念
002873,流感
002877,新型工业化
002878,拼多多概念
002879,抽水蓄能
002880,生物疫苗
002881,华为海思
002882,无人机
002883,地下管网
002885,无线充电
002888,无线耳机
002890,农业种植
002891,宠物经济
002892,3D打印
002895,磷化工
002897,铜缆高速连接
002901,3D打印
002902,F5G概念
002903,工业母机
002907,减肥药
002909,有机硅概念
002910,乳业
002911,天然气
002912,职业教育
002915,氟化工概念
002917,民爆概念
002920,毫米波概念
002923,青蒿素
002927,数字经济
002939,券商概念
002940,宠物经济
002941,ETC
002943,工业母机
002945,券商概念
002946,乳业
002951,蚂蚁概念
002955,托育服务
002958,蚂蚁概念
002960,安防概念
002963,智慧灯杆
002967,土壤修复
002969,啤酒概念
002970,EDR概念
002976,华为汽车
002978,钛白粉概念
002980,核污染防治
002981,无线耳机
002987,电子身份证
002988,建筑节能
002993,无线充电
002995,拼多多概念
002999,供销社概念
003002,民爆概念
003007,华为昇腾
003008,特高压
003010,拼多多概念
003012,石墨烯
003013,时空大数据
003017,氟化工概念
003019,智慧城市
003022,环氧丙烷
003023,举牌
003025,工业母机
003027,钠离子电池
003028,汽车热管理
003029,数字水印
003030,人造肉
003035,建筑节能
003037,地下管网
003039,地下管网
003040,电子身份证
003042,草甘膦
003816,核污染防治
300004,3D打印
300006,知识产权
300012,土壤修复
300016,基因测序
300018,特高压
300019,有机硅概念
300021,生态农业
300022,工业大麻
300025,数字孪生
300032,电子烟
300034,3D打印
300036,空间计算
300037,氟化工概念
300040,生物质能发电
300042,知识产权
300043,电子竞技
300047,时空大数据
300049,肝炎概念
300051,钙钛矿电池
300052,电子竞技
300061,数字货币
300062,绿色电力
300066,互联网金融
300068,动力电池回收
300070,净水概念
300072,页岩气
300073,钠离子电池
300077,EDR概念
300078,智慧城市
300080,钒电池
300081,数字水印
300083,工业母机
300085,数字货币
300086,海南自贸
300087,转基因
300092,核污染防治
300093,建筑节能
300096,托育服务
300099,蚂蚁概念
300100,PEEK材料概念
300101,航母概念
300103,智慧城市
300105,超超临界发电
300106,乳业
300110,肝炎概念
300111,幽门螺杆菌概念
300112,工业母机
300113,电子竞技
300115,铜缆高速连接
300125,工业大麻
300127,特斯拉概念
300128,英伟达概念
300129,海工装备
300130,电子身份证
300134,电子烟
300138,代糖概念
300139,民爆概念
300140,特高压
300141,绿色电力
300144,电子竞技
300149,重组蛋白
300151,基因测序
300152,净水概念
300155,食品安全
300158,毛发医疗
300160,充电桩
300161,职业教育
300165,食品安全
300171,基因测序
300172,核污染防治
300175,工业大麻
300176,特斯拉概念
300177,时空大数据
300179,培育钻石
300183,知识产权
300185,核污染防治
300187,生物质能发电
300188,EDR概念
300194,工业大麻
300195,ERP概念
300197,转基因
300199,工业大麻
300201,核污染防治
300204,重组蛋白
300205,ETC
300210,3D打印
300214,算力概念
300215,特高压
300220,3D打印
300222,换电概念
300228,页岩气
300231,华为昇腾
300232,智慧灯杆
300233,工业大麻
300234,碳交易
300235,虚拟数字人
300237,工业大麻
300239,人造肉
300243,合成生物
300247,免疫治疗
300249,数字孪生
300250,F5G概念
300251,英伟达概念
300252,F5G概念
300253,蚂蚁概念
300254,基因测序
300257,冷链物流
300258,减速器
300259,数字孪生
300260,食品安全
300263,核污染防治
300266,土壤修复
300272,净水概念
300275,数据安全
300276,新型工业化
300277,智能电网
300278,数字孪生
300279,托育服务
300284,空间计算
300286,虚拟电厂
300287,时空大数据
300288,网络游戏
300289,基因测序
300292,毫米波概念
300293,工业母机
300295,举牌
300296,空间计算
300302,安防概念
300307,网络游戏
300308,F5G概念
300310,安防概念
300314,基因测序
300315,电子竞技
300316,培育钻石
300318,免疫治疗
300320,新能源
300322,无线充电
300327,无线充电
300329,在线教育
300333,数字货币
300334,净水概念
300338,职业教育
300339,华为海思
300341,特高压
300342,毫米波概念
300349,地下管网
300355,土壤修复
300358,合成生物
300359,职业教育
300360,虚拟电厂
300366,华为昇腾
300368,互联网金融
300370,页岩气
300374,建筑节能
300376,ETC
300381,生态农业
300384,华为昇腾
300386,电子身份证
300387,土壤修复
300390,中芯概念
300394,CPO概念
300399,参股保险
300402,海工装备
300406,幽门螺杆菌概念
300410,食品安全
300414,无人机
300416,华为海思
300417,传感器
300419,量子科技
300420,安防概念
300423,智慧灯杆
300427,毫米波概念
300430,工业大麻
300436,基因测序
300437,磷化工
300438,电子烟
300439,基因测序
300440,职业教育
300443,生物疫苗
300444,换电概念
300446,民爆概念
300449,数字水印
300451,蚂蚁概念
300452,合成生物
300453,生物疫苗
300457,电子烟
300458,EDR概念
300461,无线充电
300463,基因测序
300465,蚂蚁概念
300467,网络游戏
300469,工业大麻
300471,页岩气
300476,英伟达概念
300477,磷化工
300479,电子身份证
300482,基因测序
300483,天然气
300485,重组蛋白
300486,知识产权
300491,换电概念
300492,职业教育
300493,先进封装
300497,人造肉
300499,可控核聚变
300501,电子烟
300502,CPO概念
300504,华为海思
300505,磷化工
300506,LED概念
300510,换电概念
300512,创投
300513,虚拟电厂
300514,传感器
300518,网络游戏
300519,肝炎概念
300521,3D打印
300522,石墨烯
300523,核污染防治
300527,核污染防治
300529,肝炎概念
300530,钠离子电池
300531,电子身份证
300532,统一大市场
300537,BC电池
300538,PEEK材料概念
300539,减速器
300541,ETC
300547,汽车热管理
300548,F5G概念
300549,减速器
300551,数字货币
300553,海工装备
300555,量子科技
300558,基因测序
300559,在线教育
300561,百度概念
300563,铜缆高速连接
300565,智慧灯杆
300569,绿色电力
300570,铜缆高速连接
300571,数字水印
300579,国资云概念
300580,工业母机
300583,合成生物
300584,幽门螺杆菌概念
300585,钙钛矿电池
300586,钠离子电池
300588,时空大数据
300596,合成生物
300597,智慧城市
300598,华为海思
300599,地下管网
300601,免疫治疗
300605,智慧政务
300607,工业母机
300609,华为海思
300610,有机硅概念
300611,人形机器人
300612,拼多多概念
300615,工业母机
300616,空间计算
300617,虚拟电厂
300618,动力电池回收
300619,有机硅概念
300621,建筑节能
300622,虚拟现实
300629,碳纤维
300635,土壤修复
300639,基因测序
300640,宠物经济
300642,基因测序
300644,碳纤维
300645,电子身份证
300647,超导概念
300648,独角兽
300649,区块链
300650,智慧灯杆
300653,合成生物
300655,中芯概念
300656,电子身份证
300657,电子烟
300659,数据安全
300661,无线耳机
300664,生物疫苗
300665,有机硅概念
300666,中芯概念
300667,量子科技
300668,ERP概念
300670,海工装备
300673,宠物经济
300675,建筑节能
300676,基因测序
300679,电子烟
300682,蚂蚁概念
300683,重组蛋白
300684,毫米波概念
300685,基因测序
300686,无线充电
300687,ERP概念
300690,碳纤维
300692,垃圾分类
300697,石墨烯
300698,英伟达概念
300699,碳纤维
300701,安防概念
300703,宠物经济
300707,汽车热管理
300710,拼多多概念
300711,华为昇腾
300712,抽水蓄能
300713,智能电网
300716,钙钛矿电池
300717,ETC
300721,环氧丙烷
300722,民爆概念
300723,肝炎概念
300727,有机硅概念
300730,电子身份证
300732,地下管网
300733,无人机
300735,EDR概念
300736,苹果概念
300738,网络安全
300740,毛发医疗
300741,人造肉
300745,小米汽车
300751,钙钛矿电池
300757,BC电池
300758,钙钛矿电池
300766,空间计算
300770,电子竞技
300773,蚂蚁概念
300774,京津冀
300776,BC电池
300780,工业母机
300783,食品安全
300784,旅游概念
300787,无线充电
300792,拼多多概念
300797,食品安全
300798,算力概念
300801,PEEK材料概念
300802,无线耳机
300803,券商概念
300805,虚拟现实
300807,EDR概念
300809,工业母机
300810,海工装备
300814,先进封装
300817,减速器
300819,PCB
300820,可控核聚变
300826,空间计算
300827,智能电网
300828,汽车热管理
300829,农业种植
300837,动力电池回收
300841,生物疫苗
300843,铜缆高速连接
300847,中字头
300850,海工装备
300853,智能电网
300854,生物质能发电
300857,EDR概念
300858,乳业
300863,铜缆高速连接
300864,土壤修复
300866,无线充电
300867,生物质能发电
300868,苹果概念
300870,无线充电
300871,猪肉概念
300872,华为昇腾
300875,核污染防治
300878,肝炎概念
300879,减速器
300880,虚拟电厂
300881,创投
300882,虚拟电厂
300887,核污染防治
300889,智慧灯杆
300891,钛白粉概念
300892,啤酒概念
300895,国资云概念
300897,传感器
300898,乳业
300899,净水概念
300902,安防概念
300904,减速器
300913,铜缆高速连接
300915,乳业
300916,电子烟
300917,数据中心
300919,动力电池回收
300929,举牌
300930,抽水蓄能
300933,特高压
300935,建筑节能
300936,毫米波概念
300941,数字货币
300942,食品安全
300943,汽车热管理
300945,黄金概念
300947,租售同权
300948,土壤修复
300949,建筑节能
300951,电子烟
300952,石墨烯
300958,土壤修复
300961,鸿蒙概念
300962,核污染防治
300963,页岩气
300964,CPO概念
300966,合成生物
300969,汽车热管理
300970,农业种植
300972,农业种植
300976,碳纤维
300977,数据中心
300978,华为汽车
300985,天然气
300988,工业母机
300989,空间计算
300990,换电概念
300991,铜缆高速连接
300995,碳纤维
300996,ERP概念
300998,特斯拉概念
300999,超级品牌
301000,汽车热管理
301003,PEEK材料概念
301005,换电概念
301006,智慧城市
301008,传感器
301009,宠物经济
301011,电子竞技
301012,算力概念
301017,医美概念
301020,氢能源
301021,培育钻石
301022,小米汽车
301024,建筑节能
301026,汽车拆解
301027,空间计算
301028,工业母机
301029,工业母机
301031,华为汽车
301035,草甘膦
301041,职业教育
301043,建筑节能
301046,绿色电力
301047,重组蛋白
301049,汽车拆解
301050,毫米波概念
301055,超级品牌
301060,基因测序
301061,智能家居
301063,海工装备
301067,铜缆高速连接
301069,PEEK材料概念
301070,华为昇腾
301071,培育钻石
301072,小米汽车
301075,流感
301076,PEEK材料概念
301077,英伟达概念
301078,毛发医疗
301079,3D打印
301080,重组蛋白
301085,华为昇腾
301086,石墨烯
301087,重组蛋白
301091,智慧灯杆
301092,核污染防治
301098,土壤修复
301105,中俄贸易概念
301106,电子烟
301108,宠物经济
301109,垃圾分类
301110,宠物经济
301111,幽门螺杆菌概念
301112,汽车芯片
301118,磷化工
301120,绿色电力
301121,无线耳机
301123,铜缆高速连接
301125,中俄贸易概念
301126,医美概念
301127,生物质能发电
301130,幽门螺杆菌概念
301131,碳纤维
301133,百度概念
301135,小米概念
301136,时空大数据
301137,可控核聚变
301148,核污染防治
301152,动力电池回收
301155,新能源
301157,百度概念
301159,食品安全
301160,人形机器人
301162,虚拟电厂
301163,工业母机
301165,国资云概念
301166,免疫治疗
301167,换电概念
301169,时空大数据
301170,氢能源
301172,时空大数据
301175,生物质能发电
301176,PCB
301177,黄金概念
301178,空间计算
301181,汽车热管理
301182,铜缆高速连接
301185,数据安全
301186,换电概念
301189,英伟达概念
301190,幽门螺杆菌概念
301191,F5G概念
301193,3D打印
301195,鸿蒙概念
301196,PEEK材料概念
301197,大数据
301198,特斯拉概念
301199,建筑节能
301202,换电概念
301205,CPO概念
301206,代糖概念
301207,生物疫苗
301210,小米概念
301215,中字头
301218,空间计算
301219,动力电池回收
301220,合成生物
301223,电子烟
301225,PEEK材料概念
301226,汽车热管理
301228,土壤修复
301229,减速器
301231,拼多多概念
301232,新型工业化
301233,核污染防治
301234,医美概念
301237,碳纤维
301246,氟化工概念
301251,PCB
301255,减速器
301257,减肥药
301260,人形机器人
301261,减速器
301263,毛发医疗
301265,汽车拆解
301266,BC电池
301270,数字水印
301275,云计算
301277,幽门螺杆菌概念
301278,钙钛矿电池
301280,智能家居
301282,PCB
301283,宠物经济
301289,超导概念
301291,智能电网
301295,小米概念
301299,鸿蒙概念
301300,有机硅概念
301301,土地流转
301303,天然气
301305,垃圾分类
301313,空间计算
301314,新型工业化
301315,ERP概念
301316,华为海思
301320,鸿蒙概念
301323,核污染防治
301325,钙钛矿电池
301327,BC电池
301328,新能源
301330,电子身份证
301331,流感
301332,智能家居
301335,宠物经济
301337,鸿蒙概念
301339,ETC
301357,无人机
301358,动力电池回收
301359,中俄贸易概念
301363,减肥药
301378,智慧政务
301380,数据安全
301382,数据安全
301387,碳纤维
301388,传感器
301390,空间计算
301397,汽车热管理
301413,传感器
301419,毫米波概念
301439,铜缆高速连接
301456,工业母机
301458,英伟达概念
301459,中俄贸易概念
301487,动力电池回收
301489,无线充电
301491,次新股
301498,宠物经济
301500,汽车拆解
301502,智能家居
301503,电子竞技
301505,智慧城市
301507,毛发医疗
301508,中字头
301510,新型工业化
301512,苹果概念
301516,中字头
301517,华为海思
301519,智慧城市
301522,可控核聚变
301525,汽车热管理
301526,PEEK材料概念
301531,次新股
301535,小米汽车
301548,PEEK材料概念
301550,减速器
301552,小米汽车
301556,转基因
301557,碳纤维
301560,汽车热管理
301565,合成生物
301567,虚拟现实
301568,PCB
301575,石墨烯
301577,小米概念
301580,3D打印
301587,无线耳机
301590,充电桩
301591,PEEK材料概念
301596,减速器
301599,次新股
301600,小米概念
301601,环氧丙烷
301603,工业母机
301609,特高压
301613,小米概念
301622,无线充电
301628,毫米波概念
301631,数据中心
301667,汽车热管理
301668,次新股
301669,次新股
301680,特高压
301687,次新股
301696,减速器
600000,蚂蚁概念
600009,零售概念
600010,氟化工概念
600011,超超临界发电
600017,证金持股
600018,F5G概念
600020,参股保险
600021,天然气
600023,超超临界发电
600025,中特估
600026,中字头
600027,超超临界发电
600028,页岩气
600032,抽水蓄能
600033,参股保险
600037,网络游戏
600039,磷化工
600048,租售同权
600055,阿里概念
600057,土地流转
600059,啤酒概念
600062,青蒿素
600071,安防概念
600072,航母概念
600073,猪肉概念
600075,煤化工概念
600078,磷化工
600081,减速器
600085,超级品牌
600088,旅游概念
600089,超超临界发电
600094,土地流转
600095,券商概念
600096,氟化工概念
600101,钒电池
600105,超导概念
600106,页岩气
600108,啤酒概念
600113,统一大市场
600114,英伟达概念
600126,汽车拆解
600127,乳业
600129,土地流转
600132,啤酒概念
600135,京津冀
600141,草甘膦
600143,碳纤维
600149,土地流转
600152,钠离子电池
600153,白酒
600155,券商概念
600156,算力概念
600157,钒电池
600159,京津冀
600163,生物质能发电
600172,培育钻石
600173,网络游戏
600176,PEEK材料概念
600177,工业大麻
600179,统一大市场
600185,零售概念
600186,人造肉
600189,土地流转
600196,青蒿素
600207,建筑节能
600210,毫米波概念
600212,无人机
600216,青蒿素
600217,供销社概念
600218,钒电池
600219,参股保险
600231,页岩气
600232,工业大麻
600234,网络游戏
600239,工业大麻
600243,工业母机
600246,京津冀
600250,旅游概念
600255,铜缆高速连接
600256,煤化工概念
600261,LED概念
600267,青蒿素
600268,抽水蓄能
600269,参股保险
600276,减肥药
600283,生物质能发电
600300,乳业
600301,小金属概念
600305,超级品牌
600308,环氧丙烷
600309,环氧丙烷
600310,抽水蓄能
600312,特高压
600313,转基因
600316,航母概念
600318,供销社概念
600323,垃圾分类
600325,租售同权
600332,青蒿素
600336,净水概念
600338,小金属概念
600348,碳纤维
600351,幽门螺杆菌概念
600353,可控核聚变
600354,供销社概念
600356,工业大麻
600359,土地流转
600361,小米汽车
600362,黄金概念
600366,无线耳机
600369,券商概念
600371,转基因
600372,航母概念
600376,京津冀
600381,白酒
600382,白酒
600386,汽车拆解
600388,土壤修复
600389,草甘膦
600391,航母概念
600392,参股保险
600400,参股保险
600405,换电概念
600406,抽水蓄能
600408,煤化工概念
600409,有机硅概念
600410,时空大数据
600419,乳业
600422,青蒿素
600426,煤化工概念
600429,乳业
600435,航母概念
600439,中俄贸易概念
600449,数据中心
600456,航母概念
600461,垃圾分类
600463,京津冀
600468,超导概念
600470,磷化工
600475,生物质能发电
600476,国资云概念
600477,钙钛矿电池
600478,动力电池回收
600479,肝炎概念
600480,地下管网
600481,超超临界发电
600486,草甘膦
600487,F5G概念
600489,黄金概念
600490,黄金概念
600493,土地流转
600500,环氧丙烷
600501,可控核聚变
600503,石墨烯
600506,土地流转
600508,超超临界发电
600509,抽水蓄能
600510,土地流转
600511,中特估
600515,土地流转
600517,钒电池
600519,超级品牌
600520,先进封装
600521,免疫治疗
600522,超导概念
600523,汽车热管理
600526,地下管网
600531,黄金概念
600533,互联网金融
600535,工业大麻
600536,电子身份证
600538,基因测序
600539,净水概念
600540,农业种植
600546,超超临界发电
600547,黄金概念
600548,汽车拆解
600550,京津冀
600551,托育服务
600557,毛发医疗
600558,超超临界发电
600560,新型工业化
600562,可控核聚变
600568,免疫治疗
600569,煤化工概念
600571,数字水印
600572,毛发医疗
600573,啤酒概念
600575,虚拟电厂
600577,超导概念
600578,证金持股
600579,煤化工概念
600582,F5G概念
600584,华为海思
600586,建筑节能
600588,ERP概念
600596,草甘膦
600597,乳业
600598,土地流转
600600,啤酒概念
600603,统一大市场
600604,租售同权
600606,白酒
600612,黄金概念
600615,农业种植
600621,券商概念
600626,土地流转
600635,独角兽
600642,抽水蓄能
600644,虚拟电厂
600645,重组蛋白
600651,LED概念
600654,安防概念
600657,证金持股
600661,托育服务
600667,先进封装
600675,土地流转
600676,汽车拆解
600681,海南自贸
600682,基因测序
600683,土地流转
600684,旅游概念
600690,净水概念
600693,统一大市场
600699,无线充电
600704,汽车拆解
600708,土地流转
600710,土壤修复
600711,黄金概念
600717,京津冀
600720,中特估
600722,京津冀
600725,煤化工概念
600727,钛白粉概念
600728,空间计算
600730,职业教育
600732,BC电池
600734,虚拟电厂
600739,生物疫苗
600740,煤化工概念
600741,毫米波概念
600744,超超临界发电
600748,土地流转
600750,白酒
600753,换电概念
600755,统一大市场
600756,国资云概念
600757,知识产权
600764,航母概念
600765,航母概念
600773,石墨烯
600774,免疫治疗
600777,页岩气
600780,绿色电力
600783,代糖概念
600784,3D打印
600791,京津冀
600792,煤化工概念
600794,统一大市场
600796,生物质能发电
600798,中俄贸易概念
600805,生态农业
600816,参股保险
600819,建筑节能
600831,国资云概念
600834,绿色电力
600843,碳纤维
600850,华为昇腾
600851,免疫治疗
600853,生态农业
600854,超超临界发电
600855,安防概念
600857,黄金概念
600860,新型工业化
600867,重组蛋白
600868,职业教育
600875,抽水蓄能
600877,毫米波概念
600881,海南自贸
600882,乳业
600884,苹果概念
600887,乳业
600888,石墨烯
600893,航母概念
600895,租售同权
600903,天然气
600905,钠离子电池
600906,券商概念
600909,券商概念
600916,培育钻石
600917,天然气
600918,券商概念
600925,超超临界发电
600927,互联网金融
600928,蚂蚁概念
600935,氢能源
600938,中特估
600941,超级品牌
600956,钒电池
600960,工业母机
600961,黄金概念
600963,工业大麻
600965,乳业
600973,超导概念
600975,猪肉概念
600979,虚拟电厂
600980,3D打印
600982,生物质能发电
600983,垃圾分类
600985,民爆概念
600987,黄金概念
600988,黄金概念
600989,煤化工概念
600990,航母概念
600995,抽水蓄能
600996,白酒
601000,京津冀
601008,中俄贸易概念
601010,证金持股
601015,煤化工概念
601016,抽水蓄能
601020,黄金概念
601022,统一大市场
601026,碳纤维
601033,生物质能发电
601038,中俄贸易概念
601059,券商概念
601061,超导概念
601069,黄金概念
601099,券商概念
601101,煤化工概念
601112,次新股
601117,环氧丙烷
601118,土地流转
601121,黄金概念
601126,海工装备
601136,券商概念
601137,航母概念
601138,CPO概念
601139,天然气
601162,券商概念
601168,钒电池
601179,可控核聚变
601198,券商概念
601200,生物质能发电
601212,黄金概念
601218,绿色电力
601226,超超临界发电
601233,互联网金融
601238,汽车拆解
601319,蚂蚁概念
601330,生物质能发电
601336,蚂蚁概念
601360,EDR概念
601375,券商概念
601388,汽车拆解
601399,抽水蓄能
601456,券商概念
601512,充电桩
601528,数字货币
601568,煤化工概念
601588,电子竞技
601609,铜缆高速连接
601669,抽水蓄能
601677,特高压
601678,环氧丙烷
601686,地下管网
601700,特高压
601717,华为汽车
601727,钒电池
601778,绿色电力
601799,无人驾驶
601816,中特估
601827,生物质能发电
601857,页岩气
601858,知识产权
601866,中特估
601877,石墨烯
601880,中俄贸易概念
601882,工业母机
601886,建筑节能
601898,煤化工概念
601901,券商概念
601908,参股保险
601916,蚂蚁概念
601918,超超临界发电
601921,在线教育
601952,土地流转
601956,职业教育
601969,黄金概念
601985,可控核聚变
601990,券商概念
601992,京津冀
601995,券商概念
601996,土地流转
601999,知识产权
603002,英伟达概念
603006,冷链物流
603009,汽车热管理
603010,磷化工
603011,海工装备
603013,汽车热管理
603015,可控核聚变
603017,建筑节能
603018,空间计算
603020,人造肉
603025,量子科技
603028,知识产权
603029,供销社概念
603030,建筑节能
603031,超级品牌
603037,小米汽车
603038,鸿蒙概念
603040,汽车热管理
603041,有机硅概念
603042,铜缆高速连接
603050,智能电网
603051,BC电池
603052,举牌
603053,天然气
603058,工业大麻
603060,土壤修复
603062,海工装备
603063,智能电网
603066,新型工业化
603067,钛白粉概念
603068,ETC
603069,换电概念
603071,生物质能发电
603072,小金属概念
603076,啤酒概念
603077,草甘膦
603078,中芯概念
603080,天然气
603083,F5G概念
603087,减肥药
603088,动力电池回收
603090,煤化工概念
603091,碳交易
603092,次新股
603098,土壤修复
603100,碳交易
603105,虚拟电厂
603106,数据安全
603107,汽车热管理
603110,石墨烯
603112,3D打印
603113,煤化工概念
603117,统一大市场
603118,F5G概念
603120,环氧丙烷
603121,传感器
603126,中字头
603132,黄金概念
603135,新型工业化
603137,建筑节能
603138,云计算
603139,毛发医疗
603150,无人驾驶
603151,猪肉概念
603155,有机硅概念
603161,华为汽车
603162,统一大市场
603166,农业种植
603167,海工装备
603169,核污染防治
603173,天然气
603175,次新股
603181,有机硅概念
603182,人造肉
603186,冷链物流
603187,冷链物流
603195,超级品牌
603200,钠离子电池
603206,职业教育
603209,统一大市场
603210,小米汽车
603211,毫米波概念
603215,智能家居
603216,工业互联
603218,核污染防治
603220,F5G概念
603221,拼多多概念
603222,免疫治疗
603223,天然气
603227,民爆概念
603228,CPO概念
603231,人造肉
603232,电子身份证
603236,毫米波概念
603237,虚拟数字人
603239,华为汽车
603248,次新股
603257,黄金概念
603258,电子竞技
603260,有机硅概念
603270,碳纤维
603271,汽车热管理
603275,减速器
603276,生态农业
603278,新能源
603281,有机硅概念
603286,传感器
603288,超级品牌
603305,小米汽车
603306,CPO概念
603308,可控核聚变
603310,氟化工概念
603312,华为汽车
603315,超超临界发电
603316,建筑节能
603321,工业互联
603322,智慧灯杆
603328,苹果概念
603334,次新股
603336,农业种植
603352,次新股
603353,先进封装
603357,空间计算
603363,猪肉概念
603368,海南自贸
603370,传感器
603373,智慧政务
603375,民爆概念
603376,次新股
603377,职业教育
603378,建筑节能
603380,数据中心
603381,人形机器人
603383,知识产权
603386,PCB
603389,培育钻石
603392,幽门螺杆菌概念
603393,天然气
603395,农业种植
603400,充电桩
603406,次新股
603407,次新股
603408,净水概念
603416,人形机器人
603418,小米汽车
603421,鸿蒙概念
603444,网络游戏
603458,换电概念
603496,数据安全
603515,超级品牌
603527,铜缆高速连接
603530,特高压
603535,拼多多概念
603538,减肥药
603556,智能电网
603559,时空大数据
603568,生物质能发电
603569,统一大市场
603577,海工装备
603588,生物质能发电
603596,人形机器人
603598,拼多多概念
603601,核污染防治
603606,海工装备
603611,统一大市场
603613,ERP概念
603615,垃圾分类
603616,地下管网
603618,抽水蓄能
603626,电子烟
603628,新能源
603629,毫米波概念
603648,统一大市场
603650,石墨烯
603656,食品安全
603661,培育钻石
603679,智慧灯杆
603685,LED概念
603686,中俄贸易概念
603689,天然气
603693,绿色电力
603699,页岩气
603700,中俄贸易概念
603703,铜缆高速连接
603706,天然气
603709,工业互联
603713,统一大市场
603717,猪肉概念
603718,基因测序
603722,虚拟现实
603730,华为汽车
603739,代糖概念
603759,BC电池
603767,减速器
603777,白酒
603778,钙钛矿电池
603788,华为汽车
603789,生态农业
603798,氢能源
603799,动力电池回收
603801,工业互联
603803,F5G概念
603809,减速器
603810,氟化工概念
603813,氢能源
603815,地下管网
603817,垃圾分类
603819,安防概念
603826,钛白粉概念
603829,智能电网
603836,拼多多概念
603843,旅游概念
603848,智能家居
603855,LED概念
603856,地下管网
603858,生物疫苗
603859,数字孪生
603861,特高压
603869,ETC
603871,中俄贸易概念
603876,独角兽
603879,农业种植
603880,青蒿素
603881,国资云概念
603882,基因测序
603887,阿里概念
603890,F5G概念
603893,EDR概念
603895,钠离子电池
603898,智能家居
603899,超级品牌
603900,黄金概念
603912,数据中心
603920,英伟达概念
603929,中芯概念
603933,ETC
603948,知识产权
603949,汽车热管理
603956,净水概念
603959,煤化工概念
603960,华为汽车
603966,换电概念
603967,中俄贸易概念
603968,代糖概念
603970,供销社概念
603977,民爆概念
603985,英伟达概念
603987,医美概念
603991,先进封装
603993,磷化工
603998,工业大麻
603999,知识产权
605009,宠物经济
605011,绿色电力
605016,代糖概念
605028,垃圾分类
605056,抽水蓄能
605066,百度概念
605068,华为汽车
605077,代糖概念
605088,华为汽车
605089,冷链物流
605098,职业教育
605116,减肥药
605118,安防概念
605123,可控核聚变
605128,华为汽车
605133,工业母机
605151,统一大市场
605167,中俄贸易概念
605169,天然气
605178,智慧灯杆
605179,代糖概念
605186,鸿蒙概念
605196,中俄贸易概念
605208,减速器
605228,毫米波概念
605258,PCB
605268,安防概念
605277,F5G概念
605286,新能源
605287,虚拟现实
605289,空间计算
605296,猪肉概念
605300,代糖概念
605318,智能家居
605319,小米汽车
605333,华为汽车
605336,智能家居
605337,乳业
605339,乳业
605378,工业互联
605388,乳业
605399,有机硅概念
605488,无线充电
605507,幽门螺杆菌概念
605555,特斯拉概念
605567,人造肉
605577,在线教育
605580,培育钻石
605589,代糖概念
605598,钙钛矿电池
605599,黄金概念
688001,无线耳机
688003,英伟达概念
688005,钠离子电池
688011,安防概念
688018,智能家居
688019,中芯概念
688022,换电概念
688023,华为昇腾
688025,BC电池
688027,量子科技
688028,培育钻石
688037,中芯概念
688045,智能家居
688051,传感器
688052,汽车芯片
688056,食品安全
688057,净水概念
688059,工业母机
688060,新型工业化
688061,传感器
688062,重组蛋白
688066,时空大数据
688067,幽门螺杆菌概念
688068,免疫治疗
688069,数字孪生
688071,人形机器人
688076,减肥药
688078,工业互联
688083,信创
688084,无人机
688085,3D打印
688089,乳业
688091,创新药
688092,碳纤维
688096,算力概念
688100,虚拟电厂
688101,净水概念
688102,CPO概念
688103,培育钻石
688109,华为昇腾
688110,汽车芯片
688112,英伟达概念
688114,基因测序
688117,减肥药
688118,数据安全
688119,中字头
688121,氢能源
688122,超导概念
688125,工业母机
688126,中芯概念
688128,新型工业化
688131,减肥药
688132,网络安全
688133,传感器
688135,先进封装
688137,重组蛋白
688138,中芯概念
688141,汽车芯片
688147,BC电池
688150,钙钛矿电池
688151,核污染防治
688152,数据安全
688153,汽车芯片
688155,数据要素
688156,生态农业
688162,特斯拉概念
688165,减速器
688166,减肥药
688170,BC电池
688171,量子科技
688175,网络安全
688176,创新药
688178,动力电池回收
688184,钠离子电池
688185,生物疫苗
688186,抽水蓄能
688189,流感
688191,数字孪生
688197,创新药
688201,电子身份证
688203,3D打印
688205,CPO概念
688210,电子烟
688215,数字孪生
688217,基因测序
688218,小米汽车
688219,PEEK材料概念
688220,汽车芯片
688222,重组蛋白
688223,BC电池
688226,数据中心
688227,云计算
688229,百度概念
688232,智慧政务
688233,中芯概念
688244,职业教育
688248,虚拟电厂
688252,小米概念
688258,华为海思
688259,人形机器人
688266,免疫治疗
688267,环氧丙烷
688269,氢能源
688275,钠离子电池
688279,汽车芯片
688280,减速器
688286,电子烟
688288,EDR概念
688289,基因测序
688290,可控核聚变
688291,3D打印
688292,华为昇腾
688295,碳纤维
688296,传感器
688298,基因测序
688299,LED概念
688302,减肥药
688305,工业母机
688306,人形机器人
688308,工业母机
688312,苹果概念
688313,F5G概念
688314,PEEK材料概念
688315,基因测序
688316,云计算
688319,生物疫苗
688320,新型工业化
688323,PCB
688327,华为昇腾
688330,智能电网
688332,无线耳机
688333,3D打印
688334,超导概念
688335,碳交易
688336,重组蛋白
688339,氢能源
688348,新能源
688350,氢能源
688352,先进封装
688353,有机硅概念
688356,医美概念
688357,核污染防治
688360,拼多多概念
688362,先进封装
688365,ERP概念
688366,医美概念
688368,英伟达概念
688369,ERP概念
688371,苹果概念
688372,汽车芯片
688373,创新药
688376,阿里概念
688379,绿色电力
688380,电子烟
688381,汽车芯片
688386,氟化工概念
688390,虚拟电厂
688393,免疫治疗
688396,无线充电
688403,OLED
688418,F5G概念
688426,幽门螺杆菌概念
688429,BC电池
688432,中芯概念
688433,3D打印
688435,数据安全
688439,先进封装
688450,地下管网
688456,3D打印
688458,无线充电
688468,免疫治疗
688479,ERP概念
688480,土壤修复
688489,电子身份证
688499,数字孪生
688507,数字孪生
688509,时空大数据
688513,免疫治疗
688515,铜缆高速连接
688517,特高压
688520,重组蛋白
688521,先进封装
688528,天然气
688529,小米汽车
688533,特斯拉概念
688536,汽车芯片
688538,OLED
688539,新型工业化
688545,有机硅概念
688552,安防概念
688553,创新药
688558,工业母机
688559,BC电池
688561,数字货币
688562,大数据
688565,超超临界发电
688567,钠离子电池
688568,时空大数据
688570,鸿蒙概念
688577,工业母机
688579,虚拟电厂
688595,电子烟
688597,虚拟电厂
688600,可控核聚变
688601,汽车芯片
688602,有机硅概念
688605,中芯概念
688609,华为海思
688611,特高压
688612,充电桩
688615,数据要素
688616,智能电网
688618,新型工业化
688623,举牌
688625,PCB
688628,核污染防治
688629,铜缆高速连接
688630,先进封装
688631,ERP概念
688633,知识产权
688636,华为昇腾
688646,动力电池回收
688651,时空大数据
688652,中芯概念
688653,智能家居
688655,汽车芯片
688657,鸿蒙概念
688660,新能源
688661,英伟达概念
688665,传感器
688668,铜缆高速连接
688669,磷化工
688670,生物疫苗
688671,数据要素
688676,抽水蓄能
688680,华为汽车
688687,重组蛋白
688692,云计算
688697,工业母机
688700,BC电池
688701,土壤修复
688707,钠离子电池
688716,PEEK材料概念
688717,虚拟电厂
688719,可控核聚变
688722,海工装备
688739,生物疫苗
688765,转基因
688766,汽车芯片
688776,可控核聚变
688779,动力电池回收
688781,OLED
688785,次新股
688786,3D打印
688788,华为昇腾
688790,拼多多概念
688798,小米概念
688799,幽门螺杆菌概念
688800,铜缆高速连接
688805,超导概念
688807,次新股
688808,先进封装
688816,小米汽车
688820,先进封装
920003,次新股
920007,次新股
920011,次新股
920014,天然气
920015,有机硅概念
920018,特高压
920020,次新股
920021,知识产权
920022,传感器
920023,海南自贸
920026,苹果概念
920028,次新股
920030,汽车拆解
920033,动力电池回收
920035,冷链物流
920036,宠物经济
920037,智能电网
920039,碳交易
920045,铜缆高速连接
920047,重组蛋白
920050,次新股
920055,小米汽车
920056,钙钛矿电池
920062,智能电网
920068,3D打印
920069,次新股
920072,次新股
920076,次新股
920077,碳纤维
920078,华为汽车
920080,次新股
920083,次新股
920086,华为汽车
920087,转基因
920089,小米汽车
920090,职业教育
920091,次新股
920096,传感器
920099,环氧丙烷
920100,3D打印
920101,中俄贸易概念
920106,中俄贸易概念
920110,LED概念
920111,充电桩
920112,次新股
920118,智能电网
920119,新型工业化
920122,中字头
920124,次新股
920126,煤化工概念
920139,先进封装
920146,减速器
920149,建筑节能
920158,海工装备
920159,次新股
920160,次新股
920161,次新股
920166,次新股
920167,BC电池
920168,次新股
920171,智慧政务
920175,石墨烯
920177,次新股
920178,苹果概念
920179,中芯概念
920180,次新股
920183,次新股
920184,数字经济
920185,石墨烯
920186,量子科技
920187,新型工业化
920188,次新股
920190,电子竞技
920191,中俄贸易概念
920198,安防概念
920200,次新股
920206,次新股
920207,华为昇腾
920211,次新股
920212,电子竞技
920218,次新股
920220,汽车热管理
920221,减速器
920227,拼多多概念
920230,合成生物
920239,人形机器人
920242,汽车拆解
920247,PEEK材料概念
920261,环氧丙烷
920271,汽车热管理
920299,智能电网
920300,超导概念
920339,LED概念
920346,小米汽车
920351,统一大市场
920357,华为汽车
920370,垃圾分类
920375,虚拟电厂
920378,人形机器人
920395,安防概念
920396,可控核聚变
920403,转基因
920407,传感器
920414,云计算
920415,百度概念
920418,减速器
920419,宠物经济
920425,苹果概念
920454,中俄贸易概念
920469,PEEK材料概念
920475,无人驾驶
920476,土壤修复
920478,创新药
920491,传感器
920504,食品安全
920509,华为海思
920510,减速器
920533,人形机器人
920556,数字孪生
920564,空间计算
920570,海工装备
920571,统一大市场
920575,重组蛋白
920576,海工装备
920578,工业母机
920580,海南自贸
920593,减速器
920608,农业种植
920627,电子烟
920640,铜缆高速连接
920641,智慧灯杆
920642,碳纤维
920651,智慧城市
920663,PEEK材料概念
920665,PCB
920670,3D打印
920682,特高压
920685,合成生物
920689,海工装备
920694,页岩气
920701,小米概念
920719,石墨烯
920720,减速器
920725,培育钻石
920729,生物疫苗
920735,减肥药
920768,小米概念
920770,绿色电力
920781,核污染防治
920786,乳业
920806,ETC
920808,数据中心
920809,磷化工
920819,转基因
920821,PCB
920855,农业种植
920870,工业母机
920879,抽水蓄能
920885,工业互联
920895,农业种植
920914,氢能源
920932,换电概念
920943,地下管网
920946,宠物经济
920961,毫米波概念
920970,猪肉概念
920974,氢能源
920976,安防概念
920978,汽车热管理
920981,华为海思
920982,重组蛋白
920985,换电概念
920992,冷链物流
